Version,Score,Execution time,No. Evaluations
Sequential (basic),-1.2,353.63577,3107697
Sequential (alpha-beta),-1.2,2.11437,16293
Sequential (alpha-beta + move sorting),-1.2,1.39086,8579
Parallel v1 (basic),-1.2000000476837158,106.02757,3107697
Parallel v1 (alpha-beta),-1.2000000476837158,3.69681,107193
Parallel v1 (alpha-beta + move sorting),-1.2000000476837158,3.46089,102329
Parallel v2 (basic),-1.2000000476837158,2.15499,3107697
Parallel v2 (alpha-beta),-1.2000000476837158,0.27087,19804
Parallel v2 (alpha-beta + move sorting),-1.2000000476837158,0.2887,12138
